{"cameraMode":{"drawMode":0,"name":"Shaded","section":"Shading Mode"},"sceneLighting":true,"audioPlay":false,"sceneViewState":{"m_AlwaysRefresh":false,"showFog":true,"showSkybox":true,"showFlares":true,"showImageEffects":true,"showParticleSystems":true,"showVisualEffectGraphs":true,"m_FxEnabled":true},"in2DMode":false,"pivot":{"x":-0.7090482711791992,"y":10.806480407714844,"z":4.0241804122924809},"rotation":{"x":-0.21736036241054536,"y":-0.45857495069503786,"z":0.1167827695608139,"w":-0.8537724614143372},"size":8.538722038269043,"orthographic":false}