{"cameraMode":{"drawMode":0,"name":"Shaded","section":"Shading Mode"},"sceneLighting":true,"audioPlay":false,"sceneViewState":{"m_AlwaysRefresh":false,"showFog":true,"showSkybox":true,"showFlares":true,"showImageEffects":true,"showParticleSystems":true,"showVisualEffectGraphs":true,"m_FxEnabled":true},"in2DMode":false,"pivot":{"x":-1.8905434608459473,"y":40.55818557739258,"z":10.164382934570313},"rotation":{"x":-0.006682130508124828,"y":0.940994918346405,"z":-0.3384939432144165,"w":-0.018496660515666009},"size":71.53604888916016,"orthographic":false}